[
	{
		"layout": [
		  [0, 1, 0],
		  [0, 1, 0],
		  [1, 1, 0]
		],
		"colour": "#00FFFF"
	},
	{
		"layout": [
		  [1, 0, 0],
		  [1, 0, 0],
		  [1, 1, 0]
		],
		 "colour": "#00FFFF"
	},
	{
		"layout": [
		  [0, 1, 0],
		  [0, 1, 0],
		  [0, 1, 0]
		],
		"colour": "#A020F0"
	},
	{
		"layout": [
		  [1, 1, 0],
		  [1, 1, 0]
		],
	"colour": "#FF0000"
	},
	{
		"layout": [
		  [0, 1, 0],
		  [0, 1, 0],
		  [0, 1, 0]
		],
		"colour": "#A020F0"
	},
	{
		"layout": [
		  [0, 1, 0],
		  [0, 1, 0],
		  [0, 1, 0]
		],
		"colour": "#A020F0"
	},
	{
		"layout": [
		  [0, 1, 0],
		  [0, 1, 0],
		  [0, 1, 0]
		],
		"colour": "#A020F0"
	}
]